date,open,close,high,low,volume
2021-01-20,6.92,8.33,8.33,6.92,6792
2021-01-21,9.18,9.18,9.18,9.18,2032
2021-01-22,10.11,10.11,10.11,10.11,2876
2021-01-25,11.14,11.14,11.14,11.14,3654
2021-01-26,12.27,12.27,12.27,12.27,4786
2021-01-27,13.51,13.51,13.51,13.51,4423
2021-01-28,14.88,12.14,14.88,12.14,113121
2021-01-29,10.91,11.71,12.84,10.91,387552
2021-02-01,10.95,11.28,11.84,10.53,276736
2021-02-02,10.95,12.42,12.42,10.89,342859
2021-02-03,11.65,11.21,11.98,11.16,325544
2021-02-04,10.97,10.08,11.19,10.08,220937
2021-02-05,9.92,9.66,10.27,9.62,169946
2021-02-08,9.54,9.46,10.07,9.36,127418
2021-02-09,9.33,9.07,9.43,8.98,144945
2021-02-10,9.15,8.96,9.2,8.95,100224
2021-02-18,9.06,9.34,9.43,9.0,125804
2021-02-19,9.25,9.6,9.71,9.16,127337
2021-02-22,9.54,9.34,9.72,9.33,142200
2021-02-23,9.33,9.1,9.33,9.03,95187
2021-02-24,9.2,10.03,10.03,9.19,252923
2021-02-25,9.88,10.35,10.8,9.78,333528
2021-02-26,9.86,9.98,10.15,9.63,176086
2021-03-01,9.96,10.31,10.49,9.8,168621
2021-03-02,10.13,9.94,10.2,9.85,107164
2021-03-03,9.95,9.82,9.95,9.5,110734
2021-03-04,9.67,9.37,9.75,9.35,106108
2021-03-05,9.2,9.43,9.45,9.19,58693
2021-03-08,9.52,9.31,9.52,9.26,62504
2021-03-09,9.25,9.04,9.34,8.86,67326
2021-03-10,9.06,9.36,9.45,9.03,85250
2021-03-11,9.27,9.41,9.47,9.16,66832
2021-03-12,9.31,9.13,9.4,9.12,56453
2021-03-15,9.09,9.31,9.58,8.93,67286
2021-03-16,9.26,9.58,9.6,9.2,95283
2021-03-17,9.65,10.55,10.55,9.55,156609
2021-03-18,10.75,10.9,11.39,10.55,340005
2021-03-19,10.41,10.56,11.17,10.17,224824
2021-03-22,10.78,11.08,11.31,10.65,235891
2021-03-23,11.35,10.67,11.97,10.61,292381
2021-03-24,10.1,10.3,10.55,9.97,194057
2021-03-25,10.22,11.35,11.35,9.94,192213
2021-03-26,11.35,11.58,11.97,11.04,321713
2021-03-29,11.57,11.39,11.84,11.16,201956
2021-03-30,11.35,11.65,12.37,11.07,250031
2021-03-31,11.15,12.31,12.7,11.15,278002
2021-04-01,12.05,12.51,13.38,11.85,291012
2021-04-02,12.15,13.19,13.33,12.15,264979
2021-04-06,13.12,12.87,13.14,12.55,216850
2021-04-07,12.75,14.17,14.17,12.59,245306
2021-04-08,13.88,13.16,15.47,12.98,358682
2021-04-09,12.86,12.3,13.5,12.18,218050
2021-04-12,12.31,12.42,12.72,12.1,150467
2021-04-13,12.35,11.67,12.35,11.45,152215
2021-04-14,11.65,12.0,12.29,11.6,120459
2021-04-15,11.79,11.84,12.2,11.73,75052
2021-04-16,11.85,11.64,11.95,11.47,85559
2021-04-19,11.67,12.13,12.59,11.64,127686
2021-04-20,12.1,12.31,12.82,12.1,158802
2021-04-21,12.1,11.92,12.52,11.86,115333
2021-04-22,11.86,11.25,12.18,11.21,131272
2021-04-23,11.27,10.85,11.34,10.61,111724
2021-04-26,10.73,10.67,10.92,10.63,56246
2021-04-27,10.69,10.32,10.7,10.11,62012
2021-04-28,10.28,10.22,10.39,10.15,40700
2021-04-29,10.34,10.36,10.49,10.27,46883
2021-04-30,10.36,10.12,10.4,9.96,49675
2021-05-06,10.08,10.08,10.21,10.03,32850
2021-05-07,10.05,9.89,10.13,9.8,38566
2021-05-10,9.91,10.39,10.45,9.89,58362
2021-05-11,10.4,10.29,10.48,10.21,51683
2021-05-12,10.21,10.69,10.74,10.09,70041
2021-05-13,10.55,10.42,10.71,10.37,48318
2021-05-14,10.36,10.4,10.53,10.18,45342
2021-05-17,10.32,10.11,10.33,10.04,39545
2021-05-18,10.08,10.08,10.16,10.04,24794
2021-05-19,10.09,10.12,10.2,10.05,25326
2021-05-20,10.12,9.95,10.17,9.89,30463
2021-05-21,10.03,10.01,10.14,9.95,23463
2021-05-24,10.01,10.0,10.08,9.94,22503
2021-05-25,10.01,10.27,10.3,9.9,48574
2021-05-26,10.18,10.31,10.48,10.17,46014
2021-05-27,10.35,10.46,10.47,10.23,57479
2021-05-28,10.38,10.16,10.48,10.14,49066
2021-05-31,10.2,10.18,10.22,10.08,24069
2021-06-01,10.17,10.24,10.3,10.13,32131
2021-06-02,10.19,10.45,10.51,10.15,62990
2021-06-03,10.55,10.35,10.55,10.25,46390
2021-06-04,10.3,10.13,10.41,10.08,41169
2021-06-07,10.1,10.1,10.19,10.07,28706
2021-06-08,10.05,10.02,10.15,10.0,33303
2021-06-09,10.03,9.96,10.04,9.93,27629
2021-06-10,9.97,9.76,10.0,9.71,64423
2021-06-11,9.77,9.7,9.79,9.61,36383
2021-06-15,9.71,9.39,9.71,9.37,44621
2021-06-16,9.4,9.43,9.5,9.36,22962
2021-06-17,9.42,9.53,9.58,9.38,26472
2021-06-18,9.49,9.57,9.57,9.38,25672
2021-06-21,9.51,9.78,9.84,9.48,35509
2021-06-22,9.85,9.79,9.85,9.73,24887
2021-06-23,9.86,9.7,9.86,9.65,25589
2021-06-24,9.72,9.68,9.77,9.57,20477
2021-06-25,9.68,9.51,9.68,9.48,28373
2021-06-28,9.56,9.53,9.57,9.48,16648
2021-06-29,9.5,9.41,9.53,9.37,22236
2021-06-30,9.43,9.35,9.47,9.34,18294
2021-07-01,9.4,9.4,9.56,9.33,23490
2021-07-02,9.38,9.15,9.39,9.14,25475
2021-07-05,9.17,9.28,9.28,9.12,16753
2021-07-06,9.25,9.29,9.33,9.19,16434
2021-07-07,9.28,9.34,9.38,9.24,21384
2021-07-08,9.35,9.15,9.39,9.14,26153
2021-07-09,9.11,9.2,9.21,9.08,15089
2021-07-12,9.21,9.26,9.32,9.21,17908
2021-07-13,9.28,9.24,9.28,9.15,17451
2021-07-14,9.22,9.14,9.22,9.12,17283
2021-07-15,9.17,8.98,9.17,8.94,27287
2021-07-16,8.98,8.92,9.0,8.89,21092
2021-07-19,8.9,8.69,8.9,8.66,27031
2021-07-20,8.65,8.82,8.89,8.59,17996
2021-07-21,8.82,9.04,9.19,8.82,40184
2021-07-22,8.99,8.94,9.08,8.9,24686
2021-07-23,8.95,8.77,8.95,8.76,19252
2021-07-26,8.77,8.55,8.79,8.49,25561
2021-07-27,8.6,8.45,8.74,8.45,18046
2021-07-28,8.53,8.26,8.56,8.24,19239
2021-07-29,8.33,8.37,8.47,8.33,15357
2021-07-30,8.35,8.45,8.51,8.21,20620
2021-08-02,8.5,8.61,8.65,8.41,19998
2021-08-03,8.53,8.66,8.83,8.53,23917
2021-08-04,8.66,8.67,8.71,8.58,12758
2021-08-05,8.68,8.61,8.73,8.56,14522
2021-08-06,8.57,8.64,8.7,8.56,13566
2021-08-09,8.64,8.81,8.85,8.53,29182
2021-08-10,8.81,8.99,9.05,8.75,31322
2021-08-11,8.95,9.07,9.21,8.95,29416
2021-08-12,9.09,9.17,9.23,9.01,36162
2021-08-13,9.17,9.08,9.18,9.01,24803
2021-08-16,9.13,9.04,9.14,8.95,26119
2021-08-17,9.02,9.03,9.46,9.01,41012
2021-08-18,9.04,9.11,9.11,8.84,30526
2021-08-19,9.13,8.94,9.15,8.94,18919
2021-08-20,8.91,8.77,8.91,8.7,19530
2021-08-23,8.74,9.65,9.65,8.74,92854
2021-08-24,9.58,9.41,9.62,9.37,114531
2021-08-25,9.45,10.36,10.36,9.32,257717
2021-08-26,10.39,9.96,10.41,9.93,179024
2021-08-27,9.85,9.74,10.23,9.55,137037
2021-08-30,9.78,9.96,10.02,9.63,113994
2021-08-31,9.96,9.79,9.96,9.66,65531
2021-09-01,9.78,9.52,9.78,9.26,75456
2021-09-02,9.51,9.74,9.82,9.44,59908
2021-09-03,9.74,9.64,9.75,9.57,39212
2021-09-06,9.69,9.79,9.79,9.58,45271
2021-09-07,9.81,9.73,9.83,9.66,37845
2021-09-08,9.72,9.55,9.72,9.54,42001
2021-09-09,9.54,9.45,9.55,9.38,37319
2021-09-10,9.43,9.41,9.55,9.4,26248
2021-09-13,9.44,9.36,9.44,9.31,22807
2021-09-14,9.33,9.12,9.42,9.12,39579
2021-09-15,9.04,9.12,9.12,8.95,25862
2021-09-16,9.12,8.98,9.25,8.98,26310
2021-09-17,9.06,8.99,9.06,8.81,21503
2021-09-22,8.96,8.89,8.96,8.83,16928
2021-09-23,8.91,9.02,9.04,8.91,15434
2021-09-24,9.03,8.96,9.08,8.91,14989
2021-09-27,8.98,8.65,9.01,8.61,20171
2021-09-28,8.66,8.59,8.67,8.54,13163
2021-09-29,8.6,8.39,8.6,8.36,18614
2021-09-30,8.42,8.46,8.49,8.36,10594
2021-10-08,8.51,8.63,8.71,8.51,11198
2021-10-11,8.6,8.64,8.69,8.58,9156
2021-10-12,8.68,8.53,8.69,8.43,11711
2021-10-13,8.59,8.83,8.89,8.55,26153
2021-10-14,8.77,8.79,8.81,8.69,14244
2021-10-15,8.84,8.71,8.84,8.66,11859
2021-10-18,8.73,8.74,8.78,8.68,7592
2021-10-19,8.74,8.64,8.78,8.63,12659
2021-10-20,8.65,8.56,8.69,8.54,11781
2021-10-21,8.58,8.48,8.65,8.45,9395
2021-10-22,8.43,8.45,8.53,8.42,8967
2021-10-25,8.48,8.49,8.54,8.44,6344
2021-10-26,8.53,8.57,8.65,8.5,9437
2021-10-27,8.57,8.31,8.62,8.31,15449
2021-10-28,8.31,8.03,8.33,8.01,15759
2021-10-29,8.03,8.16,8.23,8.03,12699
2021-11-01,8.16,8.11,8.16,8.03,11291
2021-11-02,8.12,8.06,8.33,8.04,13857
2021-11-03,8.06,8.08,8.13,8.04,8646
2021-11-04,8.12,8.18,8.2,8.07,12159
2021-11-05,8.19,8.3,8.42,8.15,20010
2021-11-08,8.31,8.32,8.35,8.22,9503
2021-11-09,8.33,8.38,8.39,8.28,9855
2021-11-10,8.33,8.54,8.6,8.33,22139
2021-11-11,8.54,8.78,8.81,8.49,39693
2021-11-12,8.81,9.2,9.2,8.61,79777
2021-11-15,9.2,9.15,9.32,9.03,52299
2021-11-16,9.06,9.62,10.07,9.01,150292
2021-11-17,9.44,9.53,9.56,9.23,104071
2021-11-18,9.42,9.08,9.47,9.08,67190
2021-11-19,9.08,9.25,9.43,9.0,66157
2021-11-22,9.25,9.28,9.33,9.07,42686
2021-11-23,9.21,9.38,9.53,9.18,48461
2021-11-24,9.33,9.45,9.61,9.28,54390
2021-11-25,9.43,9.28,9.53,9.21,42543
2021-11-26,9.19,9.14,9.27,9.1,28312
2021-11-29,9.08,9.42,9.44,8.97,55762
2021-11-30,9.48,9.42,9.5,9.3,37841
2021-12-01,9.47,9.49,9.56,9.32,37425
2021-12-02,9.43,9.52,9.61,9.4,56873
2021-12-03,9.64,9.26,9.64,9.25,48723
2021-12-06,9.21,9.16,9.32,9.1,32788
2021-12-07,9.23,8.94,9.24,8.86,44961
2021-12-08,8.94,9.84,9.84,8.94,147344
2021-12-09,9.87,9.67,9.87,9.58,188256
2021-12-10,9.55,9.71,9.81,9.51,87207
2021-12-13,9.66,9.69,9.78,9.56,59923
2021-12-14,9.68,9.61,9.68,9.51,49325
2021-12-15,9.57,9.36,9.61,9.3,59791
2021-12-16,9.33,9.35,9.44,9.32,30934
2021-12-17,9.35,9.3,9.35,9.16,38827
2021-12-20,9.25,9.23,9.4,9.13,30460
2021-12-21,9.24,9.41,9.41,9.17,36167
2021-12-22,9.4,9.39,9.47,9.33,30646
2021-12-23,9.34,9.68,9.71,9.31,89808
2021-12-24,9.64,9.14,9.64,9.1,75959
2021-12-27,9.15,9.5,9.83,9.05,77904
2021-12-28,9.57,9.43,9.6,9.37,37150
2021-12-29,9.34,9.26,9.49,9.21,27709
2021-12-30,9.26,9.28,9.34,9.22,27678
2021-12-31,9.33,9.2,9.33,9.2,23432
2022-01-04,9.21,9.3,9.33,9.21,21615
2022-01-05,9.26,9.3,9.32,9.06,36875
2022-01-06,9.24,9.34,9.41,9.24,31295
2022-01-07,9.29,9.2,9.35,9.1,33965
2022-01-10,9.13,9.19,9.25,9.09,14889
2022-01-11,9.19,9.13,9.25,9.08,18865
2022-01-12,9.16,9.19,9.23,9.11,19853
2022-01-13,9.19,9.43,9.49,9.15,68354
2022-01-14,9.39,9.29,9.48,9.26,38778
2022-01-17,9.2,9.37,9.4,9.17,28496
2022-01-18,9.37,9.13,9.37,9.07,39335
2022-01-19,9.12,8.97,9.12,8.92,31261
2022-01-20,9.02,8.62,9.02,8.52,36695
2022-01-21,8.64,8.55,8.68,8.53,14473
2022-01-24,8.59,8.44,8.59,8.39,16792
2022-01-25,8.44,8.12,8.46,8.11,23160
2022-01-26,8.12,8.19,8.35,8.11,13026
2022-01-27,8.12,8.11,8.26,8.06,14408
2022-01-28,8.11,8.28,8.32,8.11,13439
2022-02-07,8.35,8.39,8.5,8.35,12346
2022-02-08,8.45,8.52,8.52,8.35,13712
2022-02-09,8.53,8.51,8.63,8.49,16318
2022-02-10,8.52,8.47,8.52,8.4,11530
2022-02-11,8.44,8.34,8.5,8.29,11280
2022-02-14,8.3,8.36,8.4,8.28,6054
2022-02-15,8.36,8.49,8.63,8.34,16498
2022-02-16,8.5,8.53,8.55,8.44,10013
2022-02-17,8.53,8.45,8.59,8.44,12822
2022-02-18,8.43,8.51,8.52,8.39,9037
2022-02-21,8.51,8.58,8.58,8.48,11844
2022-02-22,8.54,8.43,8.54,8.41,12254
2022-02-23,8.43,8.57,8.58,8.43,15037
2022-02-24,8.55,8.43,8.62,8.28,24195
2022-02-25,8.47,8.46,8.58,8.43,13008
2022-02-28,8.46,8.34,8.47,8.18,9485
2022-03-01,8.34,8.8,9.18,8.33,70568
2022-03-02,8.71,8.66,8.8,8.62,43193
2022-03-03,8.66,8.82,8.97,8.61,42879
2022-03-04,8.82,8.79,8.88,8.74,27518
2022-03-07,8.78,8.61,8.8,8.6,17014
2022-03-08,8.64,8.35,8.67,8.35,17371
2022-03-09,8.38,8.29,8.46,7.95,18538
2022-03-10,8.4,8.3,8.5,8.29,10654
2022-03-11,8.28,8.36,8.38,8.11,13929
2022-03-14,8.26,8.41,8.61,8.22,22434
2022-03-15,8.31,8.23,8.55,8.18,23357
2022-03-16,8.25,8.38,8.4,8.04,17074
2022-03-17,8.44,8.4,8.58,8.37,19515
2022-03-18,8.33,8.51,8.53,8.27,16519
2022-03-21,8.5,8.64,8.72,8.5,20986
2022-03-22,8.67,8.6,8.69,8.53,12503
2022-03-23,8.63,8.5,8.64,8.48,12870
2022-03-24,8.45,8.43,8.58,8.43,9375
2022-03-25,8.45,8.36,8.54,8.35,11227
2022-03-28,8.34,8.35,8.38,8.15,12824
2022-03-29,8.34,8.28,8.39,8.25,7312
2022-03-30,8.28,8.32,8.39,8.23,9836
2022-03-31,8.26,8.29,8.38,8.26,9665
2022-04-01,8.32,8.16,8.32,8.09,15885
2022-04-06,8.16,8.23,8.29,8.1,14400
2022-04-07,8.23,8.07,8.3,8.06,12324
2022-04-08,8.07,7.92,8.15,7.88,14315
2022-04-11,7.92,7.6,7.92,7.54,16240
2022-04-12,7.58,7.67,7.7,7.45,11389
2022-04-13,7.73,7.56,7.73,7.52,8711
2022-04-14,7.58,7.61,7.72,7.57,5966
2022-04-15,7.63,7.53,7.63,7.45,7431
2022-04-18,7.49,7.76,7.79,7.49,14243
2022-04-19,7.81,7.73,7.92,7.69,11980
2022-04-20,7.63,7.67,7.81,7.58,9857
2022-04-21,7.62,7.38,7.66,7.35,11210
2022-04-22,7.38,7.34,7.46,7.21,8856
2022-04-25,7.33,6.83,7.33,6.8,21388
2022-04-26,6.74,6.34,6.84,6.33,12277
2022-04-27,6.3,6.53,6.58,6.04,15020
2022-04-28,6.53,6.41,6.57,6.28,8733
2022-04-29,6.34,6.67,6.71,6.34,13623
2022-05-05,6.74,6.8,6.81,6.6,13212
2022-05-06,6.72,6.77,6.82,6.65,9277
2022-05-09,7.21,6.87,7.23,6.81,10722
2022-05-10,6.86,7.0,7.0,6.71,11187
2022-05-11,6.98,7.05,7.35,6.96,23946
2022-05-12,7.05,7.11,7.23,7.01,11325
2022-05-13,7.11,7.25,7.28,7.08,12208
2022-05-16,7.28,7.24,7.3,7.18,6522
2022-05-17,7.28,7.27,7.34,7.15,11118
2022-05-18,7.27,7.41,7.48,7.26,12625
2022-05-19,7.36,7.45,7.48,7.31,10279
2022-05-20,7.5,7.51,7.54,7.37,10654
2022-05-23,7.55,7.59,7.62,7.47,12064
2022-05-24,7.61,7.38,7.68,7.35,14511
2022-05-25,7.35,7.6,7.6,7.35,13775
2022-05-26,7.59,7.56,7.6,7.42,11184
2022-05-27,7.56,7.52,7.66,7.46,8422
2022-05-30,7.55,7.59,7.61,7.45,8881
2022-05-31,7.59,7.54,7.59,7.45,6937
2022-06-01,7.53,7.71,7.76,7.53,15094
2022-06-02,7.72,7.83,7.87,7.63,14178
2022-06-06,7.84,8.0,8.03,7.78,14812
2022-06-07,7.99,7.79,7.99,7.75,14131
2022-06-08,7.82,7.74,7.84,7.54,10392
2022-06-09,7.69,7.58,7.79,7.51,10573
2022-06-10,7.53,7.73,7.78,7.52,8357
2022-06-13,7.71,7.84,7.92,7.58,15781
2022-06-14,7.78,7.86,7.9,7.61,11804
2022-06-15,8.08,7.79,8.51,7.78,59514
2022-06-16,7.75,7.66,8.02,7.63,31150
2022-06-17,7.59,7.71,7.83,7.59,17854
2022-06-20,7.91,7.9,7.91,7.69,18489
2022-06-21,8.01,7.75,8.33,7.65,40062
2022-06-22,7.71,8.53,8.53,7.69,156261
2022-06-23,8.53,8.61,8.93,8.21,231732
2022-06-24,8.46,8.3,8.51,8.24,116097
2022-06-27,8.26,8.38,8.45,8.12,91320
2022-06-28,8.3,8.31,8.48,8.25,75916
2022-06-29,8.31,7.83,8.32,7.81,82969
2022-06-30,7.81,7.66,7.87,7.63,58493
2022-07-01,7.66,7.48,7.7,7.48,38089
2022-07-04,7.49,7.43,7.54,7.36,20385
2022-07-05,7.46,7.4,7.55,7.34,23077
2022-07-06,7.45,7.56,7.57,7.33,31053
2022-07-07,7.58,7.65,7.69,7.46,27093
2022-07-08,7.65,7.61,7.71,7.55,24591
2022-07-11,7.57,7.46,7.57,7.4,17643
2022-07-12,7.42,7.49,7.52,7.39,13694
2022-07-13,7.52,7.55,7.58,7.42,12347
2022-07-14,7.42,7.45,7.53,7.4,16523
2022-07-15,7.41,7.27,7.49,7.25,23554
2022-07-18,7.24,7.56,7.56,7.24,21493
2022-07-19,7.55,7.78,7.82,7.54,41392
2022-07-20,7.72,7.77,7.79,7.66,15867
2022-07-21,7.8,7.79,7.85,7.71,17041
2022-07-22,7.82,7.86,7.88,7.72,20119
2022-07-25,7.89,7.81,7.95,7.74,18763
2022-07-26,7.77,7.86,7.86,7.63,16447
2022-07-27,7.88,8.02,8.05,7.84,28226
2022-07-28,8.03,8.2,8.26,8.02,41397
2022-07-29,8.2,8.39,8.46,8.2,53884
2022-08-01,8.79,9.03,9.22,8.48,200997
2022-08-02,8.85,9.12,9.17,8.28,148162
2022-08-03,8.99,9.08,9.17,8.8,98766
2022-08-04,9.05,9.22,9.24,8.84,70649
2022-08-05,9.22,9.37,9.7,9.15,96206
2022-08-08,9.21,9.88,9.99,9.18,113335
2022-08-09,9.73,10.02,10.09,9.64,82464
2022-08-10,10.1,9.77,10.12,9.7,64979
2022-08-11,9.71,9.62,9.88,9.56,58203
2022-08-12,9.67,10.0,10.09,9.58,73773
2022-08-15,9.93,10.29,10.89,9.93,83863
2022-08-16,10.31,10.6,10.68,10.12,65859
2022-08-17,10.6,11.28,11.29,10.54,95782
2022-08-18,11.27,11.1,11.27,10.84,62383
2022-08-19,11.13,11.0,11.14,10.86,40203
2022-08-22,10.85,10.93,11.3,10.63,47874
2022-08-23,11.03,10.79,11.07,10.65,57969
2022-08-24,10.8,10.18,10.8,10.11,49504
2022-08-25,10.4,9.97,10.4,9.56,52150
2022-08-26,9.95,9.95,10.21,9.86,22512
2022-08-29,9.95,9.82,10.04,9.72,20075
2022-08-30,9.94,9.67,9.94,9.58,20842
2022-08-31,9.68,9.07,9.69,9.01,40381
2022-09-01,9.18,8.84,9.2,8.69,37019
2022-09-02,8.87,8.94,8.97,8.67,24199
2022-09-05,8.92,8.93,9.03,8.82,16652
2022-09-06,8.97,8.95,8.98,8.8,19236
2022-09-07,8.92,9.85,9.85,8.91,50038
2022-09-08,9.9,9.49,10.0,9.48,76671
2022-09-09,9.65,9.18,9.66,9.12,34327
2022-09-13,9.24,9.19,9.35,9.13,22914
2022-09-14,8.99,8.96,9.18,8.82,33621
2022-09-15,9.02,8.63,9.06,8.34,49327
2022-09-16,8.67,8.46,8.72,8.45,17087
2022-09-19,8.48,8.46,8.63,8.4,17174
2022-09-20,8.49,8.75,8.94,8.49,25639
2022-09-21,8.76,8.83,8.87,8.57,20222
2022-09-22,8.74,8.99,9.52,8.73,39919
2022-09-23,8.97,8.62,9.07,8.57,23294
2022-09-26,8.57,8.51,8.69,8.42,18934
2022-09-27,8.45,8.6,8.84,8.45,13272
2022-09-28,8.59,8.22,8.62,8.21,17081
2022-09-29,8.35,8.22,8.59,8.11,17406
2022-09-30,8.33,7.98,8.33,7.91,17824
2022-10-10,8.05,7.85,8.12,7.77,11252
2022-10-11,7.86,7.94,7.98,7.8,8130
2022-10-12,7.89,8.19,8.24,7.85,14712
2022-10-13,8.18,8.18,8.27,8.07,10942
2022-10-14,8.2,8.25,8.29,8.17,14801
2022-10-17,8.26,8.27,8.29,8.18,11257
2022-10-18,8.35,8.4,8.49,8.28,15632
2022-10-19,8.4,8.17,8.45,8.16,12966
2022-10-20,8.17,8.08,8.3,7.99,14636
2022-10-21,8.2,8.02,8.2,8.0,8631
2022-10-24,8.02,7.86,8.12,7.83,17423
2022-10-25,7.87,8.04,8.08,7.72,17217
2022-10-26,8.04,8.1,8.22,7.97,16097
2022-10-27,8.22,8.01,8.22,8.0,12178
2022-10-28,8.06,7.7,8.06,7.66,18261
2022-10-31,7.62,8.06,8.14,7.62,24029
2022-11-01,8.05,8.09,8.28,8.0,34041
2022-11-02,8.28,8.24,8.37,8.04,24729
2022-11-03,8.24,8.35,8.38,8.14,18661
2022-11-04,8.36,8.43,8.52,8.33,18259
2022-11-07,8.43,8.4,8.49,8.36,19264
2022-11-08,8.4,8.38,8.5,8.28,12700
2022-11-09,8.38,8.3,8.44,8.29,6895
2022-11-10,8.36,8.14,8.39,8.09,20088
2022-11-11,8.22,8.14,8.34,8.12,16649
2022-11-14,8.21,8.12,8.23,8.01,12296
2022-11-15,8.12,8.47,8.5,8.08,23302
2022-11-16,8.47,8.31,8.52,8.26,17131
2022-11-17,8.31,8.38,8.39,8.2,18843
2022-11-18,8.42,8.37,8.43,8.31,18810
2022-11-21,8.3,8.63,8.67,8.15,28329
2022-11-22,8.59,8.43,8.65,8.39,22177
2022-11-23,8.43,8.33,8.43,8.22,14032
2022-11-24,8.3,8.42,8.49,8.3,12967
2022-11-25,8.38,8.22,8.42,8.19,15121
2022-11-28,8.22,8.19,8.22,8.11,7154
2022-11-29,8.16,8.29,8.32,8.16,11092
2022-11-30,8.29,8.4,8.44,8.29,14596
2022-12-01,8.47,8.4,8.53,8.38,14484
2022-12-02,8.34,8.45,8.47,8.31,15587
2022-12-05,8.55,8.52,8.6,8.47,18029
2022-12-06,8.49,8.42,8.52,8.4,14843
2022-12-07,8.47,8.44,8.56,8.42,14669
2022-12-08,8.44,8.39,8.5,8.35,12947
2022-12-09,8.42,8.29,8.45,8.26,12418
2022-12-12,8.33,8.38,8.39,8.21,12903
2022-12-13,8.35,8.79,9.21,8.35,91327
2022-12-14,8.78,8.59,8.78,8.48,50011
2022-12-15,8.59,8.99,9.22,8.57,85912
2022-12-16,8.92,8.96,8.99,8.76,49647
2022-12-19,8.96,8.68,9.03,8.58,57813
2022-12-20,8.63,8.81,8.83,8.43,39517
2022-12-21,8.87,8.46,8.89,8.4,40332
2022-12-22,8.5,7.94,8.55,7.83,56207
2022-12-23,7.75,7.5,7.88,7.46,42691
2022-12-26,7.5,7.76,7.79,7.41,31448
2022-12-27,7.78,7.6,7.85,7.59,19988
2022-12-28,7.61,7.38,7.61,7.36,19591
2022-12-29,7.38,8.12,8.12,7.35,47052
2022-12-30,8.28,8.48,8.8,8.22,105790
2023-01-03,8.46,8.44,8.65,8.34,62987
2023-01-04,8.48,8.4,8.56,8.36,36428
2023-01-05,8.49,8.56,8.63,8.33,39773
2023-01-06,8.5,8.74,9.25,8.49,100885
2023-01-09,8.76,9.38,9.61,8.76,122185
2023-01-10,9.42,9.08,9.49,8.66,67427
2023-01-11,9.2,8.82,9.22,8.82,51922
2023-01-12,8.81,8.85,8.96,8.7,34538
2023-01-13,9.0,8.62,9.0,8.56,38697
2023-01-16,8.6,8.64,8.78,8.59,30589
2023-01-17,8.61,8.83,8.91,8.61,30194
2023-01-18,8.86,8.69,8.86,8.63,21992
2023-01-19,8.65,8.71,8.73,8.64,13151
2023-01-20,8.71,8.78,8.86,8.71,16159
2023-01-30,8.92,9.1,9.26,8.92,41927
2023-01-31,9.0,9.27,9.32,8.95,53165
2023-02-01,9.26,9.27,9.32,9.19,31114
2023-02-02,9.2,9.33,9.42,9.2,35840
2023-02-03,9.3,9.24,9.35,9.1,28520
2023-02-06,9.26,9.75,9.86,9.12,68924
2023-02-07,9.66,9.55,9.72,9.41,34690
2023-02-08,9.55,9.58,9.69,9.47,25826
2023-02-09,9.48,9.6,9.72,9.45,26541
2023-02-10,9.56,9.36,9.71,9.34,25818
2023-02-13,9.46,9.4,9.46,9.29,17806
2023-02-14,9.45,9.21,9.48,9.18,25533
2023-02-15,9.3,9.34,9.35,9.24,15365
2023-02-16,9.29,8.94,9.4,8.88,27768
2023-02-17,9.03,8.78,9.08,8.75,24781
2023-02-20,8.8,9.01,9.03,8.8,25692
2023-02-21,9.01,9.27,9.35,8.97,36702
2023-02-22,9.2,9.7,9.85,9.16,108258
2023-02-23,9.73,10.67,10.67,9.65,139839
2023-02-24,10.67,10.4,11.3,10.03,289688
2023-02-27,10.47,10.1,10.5,9.94,155707
2023-02-28,10.07,9.94,10.07,9.76,113377
2023-03-01,9.99,9.91,10.07,9.73,108121
2023-03-02,9.9,9.94,9.96,9.76,96353
2023-03-03,9.94,9.63,9.94,9.58,88695
2023-03-06,9.68,9.44,9.71,9.29,59503
2023-03-07,9.47,9.19,9.49,9.18,42063
2023-03-08,9.16,9.29,9.32,9.15,25758
2023-03-09,9.34,9.51,9.55,9.17,57217
2023-03-10,9.47,9.36,9.65,9.35,46910
2023-03-13,9.34,9.17,9.43,9.11,39415
2023-03-14,9.2,8.86,9.23,8.8,41398
2023-03-15,8.92,9.04,9.07,8.92,22473
2023-03-16,8.99,8.78,9.19,8.78,26941
2023-03-17,8.91,8.84,8.92,8.75,18877
2023-03-20,8.88,8.78,8.88,8.55,29755
2023-03-21,8.83,9.05,9.05,8.73,32394
2023-03-22,9.13,8.94,9.17,8.9,30092
2023-03-23,8.9,8.82,8.9,8.74,27799
2023-03-24,8.82,8.77,8.86,8.74,16804
2023-03-27,8.74,8.78,8.79,8.6,22172
2023-03-28,8.73,8.84,8.95,8.72,26019
2023-03-29,8.78,8.92,8.93,8.73,17199
2023-03-30,8.89,8.82,8.94,8.77,16092
2023-03-31,8.82,8.87,8.9,8.78,11694
2023-04-03,8.87,9.03,9.04,8.8,23094
2023-04-04,9.09,8.55,9.09,8.52,49317
2023-04-06,8.54,8.49,8.69,8.35,31946
2023-04-07,8.44,8.62,8.72,8.44,16027
2023-04-10,8.62,8.67,8.71,8.58,15256
2023-04-11,8.66,8.48,8.68,8.46,12760
2023-04-12,8.5,8.37,8.5,8.29,20573
2023-04-13,8.36,8.31,8.42,8.31,13005
2023-04-14,8.4,8.33,8.43,8.3,15305
2023-04-17,8.33,9.16,9.16,8.32,85363
2023-04-18,9.16,9.3,9.55,9.11,156788
2023-04-19,9.15,9.3,9.36,9.09,78823
2023-04-20,9.17,9.18,9.28,9.11,58003
2023-04-21,9.14,9.28,9.37,9.1,62468
2023-04-24,9.4,9.35,9.41,8.92,75105
2023-04-25,9.28,8.9,9.28,8.71,48060
2023-04-26,8.87,9.05,9.15,8.87,33399
2023-04-27,8.99,9.07,9.3,8.87,40487
2023-04-28,9.1,9.0,9.15,8.9,43859
2023-05-04,8.89,8.96,9.15,8.89,31008
2023-05-05,8.96,8.46,8.98,8.4,50308
2023-05-08,8.52,8.75,8.89,8.42,39133
2023-05-09,8.73,8.17,8.73,8.17,43735
2023-05-10,8.18,8.79,8.85,8.17,57746
2023-05-11,8.84,8.64,8.88,8.54,28068
2023-05-12,8.6,8.5,8.65,8.36,19824
2023-05-15,8.52,8.44,8.66,8.3,18316
2023-05-16,8.43,8.32,8.44,8.29,14282
2023-05-17,8.3,8.43,8.46,8.3,11981
2023-05-18,8.46,8.5,8.6,8.41,19008
2023-05-19,8.55,8.42,8.65,8.34,13069
2023-05-22,8.47,8.57,8.58,8.33,17495
2023-05-23,8.54,8.57,8.73,8.48,21390
2023-05-24,8.6,8.53,8.64,8.43,12985
2023-05-25,8.53,8.6,8.69,8.47,15901
2023-05-26,8.62,8.86,8.93,8.53,34915
2023-05-29,8.8,8.6,8.88,8.58,26803
2023-05-30,8.58,8.72,8.81,8.58,18785
2023-05-31,8.68,8.7,8.74,8.6,11899
2023-06-01,8.68,8.55,8.74,8.55,19094
2023-06-02,8.63,8.64,8.71,8.5,16731
2023-06-05,8.65,8.75,8.79,8.6,14373
2023-06-06,8.8,8.57,8.8,8.51,13510
2023-06-07,8.58,8.4,8.61,8.37,20378
2023-06-08,8.45,8.35,8.53,8.3,18310
2023-06-09,8.34,8.49,8.57,8.33,17706
2023-06-12,8.44,9.09,9.34,8.44,104022
2023-06-13,9.0,9.32,9.39,8.92,133977
2023-06-14,9.32,9.27,9.4,9.16,54366
2023-06-15,9.29,9.28,9.4,9.2,46061
2023-06-16,9.28,9.15,9.38,9.12,37323
2023-06-19,9.1,9.18,9.43,9.1,28217
2023-06-20,9.18,9.15,9.25,9.05,24448
2023-06-21,9.15,9.18,9.38,9.14,28016
2023-06-26,9.18,9.1,9.35,9.04,38281
2023-06-27,9.07,9.24,9.26,8.99,26940
